[
  { "name": "Léxico Tipográfico", "category": "Características" },
  { "name": "Cor Tipográfica", "category": "Características" },
  { "name": "Anatomia", "category": "Características" },
  { "name": "Espacejamento: Alinhamentos", "category": "Características" },
  { "name": "Espacejamento Vertical: Entrelinhas", "category": "Características" },
  { "name": "Espacejamento Horizontal: Entreletras", "category": "Características" },
  { "name": "Tipografia Medieval", "category": "Classificação" },
  { "name": "As Serifas", "category": "Classificação" },
  { "name": "Cursivas e Symbol", "category": "Classificação" },
  { "name": "Liquorice", "category": "Outros" },
]
